GEOID,NAME,variable,estimate,moe,geometry
19153004602,"Census Tract 46.02, Polk County, Iowa",medincome,41985,8586,"list(c(-93.62575, -93.616093, -93.606481, -93.596836, -93.596865, -93.606445, -93.616077, -93.625696, -93.62574, -93.625744, -93.62575, 41.540962, 41.540949, 41.540885, 41.54064, 41.526314, 41.526357, 41.526429, 41.526475, 41.533731, 41.535546, 41.540962))"
19153011701,"Census Tract 117.01, Polk County, Iowa",medincome,127923,14809,"list(c(-93.755925, -93.755882, -93.755864, -93.755798, -93.736402, -93.736472, -93.728203, -93.725746, -93.726621, -93.726221, -93.727422, -93.727722, -93.724921, -93.723221, -93.722421, -93.719121, -93.720121, -93.716721, -93.715821, -93.717121, -93.715751, -93.702525, -93.702057, -93.702795, -93.706568, -93.717101, -93.736449, -93.755933, -93.755925, 41.658441, 41.665684, 41.672956, 41.68835, 41.688373, 41.672973, 41.672933, 41.672744, 41.672188, 41.670488, 41.670988, 41.669788, 41.667488, 41.667488, 
41.666388, 41.665488, 41.662988, 41.661588, 41.660488, 41.659588, 41.658291, 41.658399, 41.653023, 41.652758, 41.652614, 41.652838, 41.652284, 41.651738, 41.658441))"
19153000400,"Census Tract 4, Polk County, Iowa",medincome,44238,6139,"list(c(-93.62481, -93.619972, -93.615114, -93.610254, -93.604793, -93.6007, -93.600491, -93.600537, -93.600531, -93.608433, -93.610292, -93.615088, -93.616313, -93.619942, -93.624787, -93.62481, 41.636753, 41.636752, 41.636752, 41.636757, 41.636779, 41.636792, 41.636794, 41.633156, 41.62772, 41.627709, 41.627706, 41.627699, 41.627697, 41.627693, 41.627661, 41.636753))"
19153005000,"Census Tract 50, Polk County, Iowa",medincome,25806,11561,"list(c(-93.638456, -93.634194, -93.634216, -93.634238, -93.634245, -93.633924, -93.631811, -93.628191, -93.625571, -93.625807, -93.625802, -93.625792, -93.625777, -93.625763, -93.625655, -93.635956, -93.637733, -93.638456, 41.600416, 41.60044, 41.604063, 41.607703, 41.608963, 41.61304, 41.614838, 41.61301, 41.612932, 41.61215, 41.60894, 41.607678, 41.603952, 41.600802, 41.595866, 41.596126, 41.5983, 41.600416))"
19153000801,"Census Tract 8.01, Polk County, Iowa",medincome,66694,11251,"list(c(-93.70268, -93.697657, -93.697643, -93.697618, -93.697614, -93.680871, -93.678471, -93.678253, -93.678156, -93.678121, -93.678081, -93.678082, -93.678038, -93.683341, -93.687753, -93.697701, -93.702567, -93.70268, 41.636661, 41.63668, 41.643914, 41.648904, 41.65222, 41.651473, 41.647942, 41.647332, 41.644929, 41.642325, 41.636792, 41.63542, 41.629496, 41.629473, 41.629453, 41.629404, 41.629397, 41.636661))"
19153004900,"Census Tract 49, Polk County, Iowa",medincome,32161,19458,"list(c(-93.625807, -93.625571, -93.625307, -93.619864, -93.616017, -93.612217, -93.611317, -93.610917, -93.611417, -93.613573, -93.616706, -93.625655, -93.625763, -93.625777, -93.625792, -93.625802, -93.625807, 41.61215, 41.612932, 41.613777, 41.612858, 41.611689, 41.609389, 41.608789, 41.607389, 41.603989, 41.600358, 41.595659, 41.595866, 41.600802, 41.603952, 41.607678, 41.60894, 41.61215))"
19153010407,"Census Tract 104.07, Polk County, Iowa",medincome,105385,14989,"list(c(-93.755948, -93.755933, -93.736449, -93.736479, -93.73649, -93.736493, -93.736538, -93.755902, -93.755935, -93.755948, 41.643909, 41.651738, 41.652284, 41.643843, 41.63843, 41.636598, 41.629322, 41.629426, 41.63438, 41.643909))"
19153010404,"Census Tract 104.04, Polk County, Iowa",medincome,89081,13076,"list(c(-93.73649, -93.736479, -93.736449, -93.717101, -93.717005, -93.717002, -93.717024, -93.71707, -93.717062, -93.721327, -93.72248, -93.731088, -93.736493, -93.73649, 41.63843, 41.643843, 41.652284, 41.652838, 41.647149, 41.643835, 41.643835, 41.643376, 41.636592, 41.636583, 41.636581, 41.636597, 41.636598, 41.63843))"
19153004004,"Census Tract 40.04, Polk County, Iowa",medincome,77922,5696,"list(c(-93.703369, -93.659433, -93.657795, -93.64492, -93.644917, -93.652217, -93.65224, -93.659439, -93.663998, -93.664421, -93.664473, -93.66558, -93.666201, -93.680772, -93.680155, -93.677089, -93.700811, -93.701399, -93.703316, -93.703164, -93.703191, -93.703369, 41.555648, 41.555523, 41.555493, 41.555438, 41.548226, 41.548231, 41.540982, 41.540938, 41.541105, 41.541537, 41.546499, 41.547929, 41.548092, 41.548186, 41.545978, 41.541023, 41.541043, 41.541251, 41.541002, 41.545049, 41.548334, 41.555648
))"
19153000202,"Census Tract 2.02, Polk County, Iowa",medincome,60000,10075,"list(c(-93.579005, -93.578639, -93.577639, -93.577131, -93.576164, -93.561265, -93.561251, -93.561182, -93.561153, -93.561144, -93.563902, -93.565266, -93.565339, -93.572427, -93.579568, -93.579005, 41.605389, 41.612233, 41.614946, 41.616296, 41.622284, 41.622238, 41.62027, 41.617169, 41.614992, 41.610389, 41.609499, 41.609059, 41.609036, 41.606721, 41.604292, 41.605389))"
19153004502,"Census Tract 45.02, Polk County, Iowa",medincome,48828,11442,"list(c(-93.652217, -93.644917, -93.637867, -93.625757, -93.62575, -93.63544, -93.638197, -93.644953, -93.645094, -93.65224, -93.652217, 41.548231, 41.548226, 41.548218, 41.548215, 41.540962, 41.540999, 41.540995, 41.540984, 41.540984, 41.540982, 41.548231))"
19153000101,"Census Tract 1.01, Polk County, Iowa",medincome,35000,4159,"list(c(-93.561153, -93.557333, -93.547442, -93.54668, -93.541862, -93.531954, -93.529914, -93.529899, -93.529915, -93.5419, -93.543678, -93.547707, -93.551507, -93.551544, -93.561222, -93.561153, 41.636748, 41.636766, 41.636833, 41.636821, 41.636854, 41.636866, 41.63688, 41.636229, 41.629603, 41.629596, 41.629595, 41.627902, 41.62772, 41.62772, 41.627673, 41.636748))"
19153000701,"Census Tract 7.01, Polk County, Iowa",medincome,57647,12114,"list(c(-93.658785, -93.657446, -93.651447, -93.645125, -93.644549, -93.642218, -93.638718, -93.631314, -93.62905, -93.628461, -93.628328, -93.627224, -93.625307, -93.625571, -93.628191, -93.631811, -93.635625, -93.639043, -93.646447, -93.648175, -93.651742, -93.658525, -93.658551, -93.658579, -93.658619, -93.65875, -93.661812, -93.658785, 41.629529, 41.629378, 41.62774, 41.62767, 41.624461, 41.620188, 41.618488, 41.620177, 41.619854, 41.618903, 41.615688, 41.614318, 41.613777, 41.612932, 41.61301, 
41.614838, 41.614625, 41.615013, 41.615055, 41.615027, 41.614982, 41.614964, 41.618622, 41.62043, 41.622916, 41.628263, 41.629552, 41.629529))"
19153001800,"Census Tract 18, Polk County, Iowa",medincome,52893,12084,"list(c(-93.586097, -93.582779, -93.580962, -93.579568, -93.572427, -93.565339, -93.565266, -93.563902, -93.561144, -93.561138, -93.558403, -93.558388, -93.558403, -93.559629, -93.563869, -93.565331, -93.570731, -93.582533, -93.585611, -93.586097, 41.600414, 41.60183, 41.603015, 41.604292, 41.606721, 41.609036, 41.609059, 41.609499, 41.610389, 41.607746, 41.607757, 41.605966, 41.600575, 41.60052, 41.600499, 41.600491, 41.600494, 41.600444, 41.600426, 41.600414))"
19153011206,"Census Tract 112.06, Polk County, Iowa",medincome,102500,14422,"list(c(-93.776683, -93.755926, -93.746479, -93.742497, -93.740334, -93.736264, -93.736229, -93.752041, -93.771332, -93.776702, -93.776683, 41.614878, 41.614934, 41.614926, 41.610445, 41.607471, 41.605489, 41.600461, 41.600469, 41.600444, 41.600451, 41.614878))"
19153001000,"Census Tract 10, Polk County, Iowa",medincome,61250,8542,"list(c(-93.673053, -93.663365, -93.658525, -93.65843, -93.658412, -93.6642, -93.672896, -93.672946, -93.672955, -93.673016, -93.673053, 41.614915, 41.614993, 41.614964, 41.604005, 41.60036, 41.600345, 41.600339, 41.604002, 41.607389, 41.611309, 41.614915))"
19153011203,"Census Tract 112.03, Polk County, Iowa",medincome,130221,15164,"list(c(-93.814297, -93.808116, -93.791515, -93.776986, -93.776683, -93.776702, -93.790632, -93.794331, -93.800852, -93.814282, -93.814267, -93.814264, -93.814265, -93.814297, 41.614868, 41.614885, 41.614937, 41.614878, 41.614878, 41.600451, 41.600425, 41.600407, 41.600436, 41.600456, 41.603169, 41.607689, 41.607844, 41.614868))"
19153000600,"Census Tract 6, Polk County, Iowa",medincome,60762,5843,"list(c(-93.645125, -93.642621, -93.64186, -93.640144, -93.636251, -93.634465, -93.629645, -93.628977, -93.628776, -93.62481, -93.624787, -93.624789, -93.624782, -93.625307, -93.627224, -93.628328, -93.628461, -93.62905, -93.631314, -93.638718, -93.642218, -93.644549, -93.645125, 41.62767, 41.632128, 41.636768, 41.636777, 41.636753, 41.63676, 41.636786, 41.636779, 41.636778, 41.636753, 41.627661, 41.619001, 41.615486, 41.613777, 41.614318, 41.615688, 41.618903, 41.619854, 41.620177, 41.618488, 41.620188, 
41.624461, 41.62767))"
19153001700,"Census Tract 17, Polk County, Iowa",medincome,36857,5031,"list(c(-93.600537, -93.598055, -93.593944, -93.583805, -93.582939, -93.582779, -93.586097, -93.59349, -93.59894, -93.600549, -93.600537, 41.607722, 41.607744, 41.607773, 41.607739, 41.602538, 41.60183, 41.600414, 41.597291, 41.596127, 41.600576, 41.607722))"
19153011025,"Census Tract 110.25, Polk County, Iowa",medincome,110341,10044,"list(c(-93.77748, -93.770976, -93.761336, -93.756496, -93.756495, -93.756484, -93.756349, -93.758593, -93.763066, -93.765764, -93.770923, -93.772612, -93.777106, -93.77748, 41.584519, 41.584575, 41.584662, 41.584693, 41.578916, 41.575612, 41.57015, 41.570147, 41.572005, 41.572432, 41.571711, 41.571865, 41.574728, 41.584519))"
19153011112,"Census Tract 111.12, Polk County, Iowa",medincome,80485,7887,"list(c(-93.751878, -93.742175, -93.736025, -93.736082, -93.724125, -93.719527, -93.718595, -93.718511, -93.718321, -93.72732, -93.727162, -93.727102, -93.725605, -93.725526, -93.732288, -93.732297, -93.734671, -93.743808, -93.74378, -93.748112, -93.751727, -93.751878, 41.592378, 41.592515, 41.592962, 41.600442, 41.600295, 41.597421, 41.596417, 41.595965, 41.593272, 41.59329, 41.591286, 41.588328, 41.588327, 41.584614, 41.58462, 41.577379, 41.577395, 41.581179, 41.584723, 41.584723, 41.584722, 41.592378
))"
19153011114,"Census Tract 111.14, Polk County, Iowa",medincome,55681,3566,"list(c(-93.771332, -93.752041, -93.736229, -93.736082, -93.736025, -93.742175, -93.751878, -93.751727, -93.756496, -93.761336, -93.770976, -93.771037, -93.771155, -93.771332, 41.600444, 41.600469, 41.600461, 41.600442, 41.592962, 41.592515, 41.592378, 41.584722, 41.584693, 41.584662, 41.584575, 41.587758, 41.592337, 41.600444))"
19153000103,"Census Tract 1.03, Polk County, Iowa",medincome,59071,5872,"list(c(-93.561265, -93.561222, -93.551544, -93.551507, -93.547707, -93.543678, -93.5419, -93.541848, -93.541835, -93.541923, -93.546731, -93.55147, -93.556132, -93.561144, -93.561153, -93.561182, -93.561251, -93.561265, 41.622238, 41.627673, 41.62772, 41.62772, 41.627902, 41.629595, 41.629596, 41.622367, 41.61875, 41.615065, 41.613563, 41.612448, 41.61114, 41.610389, 41.614992, 41.617169, 41.62027, 41.622238))"
19153011021,"Census Tract 110.21, Polk County, Iowa",medincome,94492,6750,"list(c(-93.756496, -93.751727, -93.748112, -93.74378, -93.743808, -93.734671, -93.732297, -93.732387, -93.733045, -93.734992, -93.737945, -93.739616, -93.740629, -93.751928, -93.756349, -93.756484, -93.756495, -93.756496, 41.584693, 41.584722, 41.584723, 41.584723, 41.581179, 41.577395, 41.577379, 41.572319, 41.571422, 41.572223, 41.572153, 41.570482, 41.570157, 41.570147, 41.57015, 41.575612, 41.578916, 41.584693))"
19153003100,"Census Tract 31, Polk County, Iowa",medincome,112679,31138,"list(c(-93.701579, -93.693757, -93.69101, -93.685559, -93.68168, -93.680523, -93.674292, -93.674337, -93.677423, -93.67918, -93.680378, -93.682792, -93.69213, -93.694831, -93.701579, 41.582696, 41.582845, 41.582704, 41.584519, 41.584757, 41.584837, 41.584529, 41.569682, 41.568991, 41.569029, 41.569622, 41.572122, 41.575813, 41.577313, 41.582696))"
19153002800,"Census Tract 28, Polk County, Iowa",medincome,53493,6142,"list(c(-93.674396, -93.674384, -93.672896, -93.6642, -93.658412, -93.654486, -93.654468, -93.654464, -93.654459, -93.656834, -93.664177, -93.668256, -93.674384, -93.674396, 41.596612, 41.600337, 41.600339, 41.600345, 41.60036, 41.600377, 41.596596, 41.595213, 41.593382, 41.593184, 41.593289, 41.59319, 41.591407, 41.596612))"
19153003001,"Census Tract 30.01, Polk County, Iowa",medincome,74464,9907,"list(c(-93.703658, -93.697725, -93.69375, -93.693058, -93.681322, -93.674384, -93.674396, -93.674384, -93.678779, -93.681691, -93.683508, -93.693698, -93.703561, -93.703658, 41.600437, 41.600425, 41.600411, 41.600408, 41.600363, 41.600337, 41.596612, 41.591407, 41.591415, 41.59189, 41.592154, 41.59269, 41.593157, 41.600437))"
19153002600,"Census Tract 26, Polk County, Iowa",medincome,33816,10186,"list(c(-93.654486, -93.650945, -93.643831, -93.638456, -93.637733, -93.635956, -93.644282, -93.646836, -93.654459, -93.654464, -93.654468, -93.654486, 41.600377, 41.600394, 41.600413, 41.600416, 41.5983, 41.596126, 41.595964, 41.595717, 41.593382, 41.595213, 41.596596, 41.600377))"
19153004603,"Census Tract 46.03, Polk County, Iowa",medincome,58798,7917,"list(c(-93.645094, -93.644953, -93.638197, -93.63544, -93.62575, -93.625744, -93.62574, -93.625696, -93.635316, -93.639459, -93.64303, -93.644889, -93.645053, -93.645108, -93.645094, 41.540984, 41.540984, 41.540995, 41.540999, 41.540962, 41.535546, 41.533731, 41.526475, 41.526529, 41.526553, 41.526555, 41.526102, 41.526054, 41.533739, 41.540984))"
19153001200,"Census Tract 12, Polk County, Iowa",medincome,38625,14526,"list(c(-93.646447, -93.639043, -93.635625, -93.631811, -93.633924, -93.634245, -93.634238, -93.634216, -93.634194, -93.638456, -93.643831, -93.643859, -93.643858, -93.643675, -93.646447, 41.615055, 41.615013, 41.614625, 41.614838, 41.61304, 41.608963, 41.607703, 41.604063, 41.60044, 41.600416, 41.600413, 41.60407, 41.607719, 41.608641, 41.615055))"
19153004200,"Census Tract 42, Polk County, Iowa",medincome,44114,4147,"list(c(-93.623611, -93.62162, -93.617728, -93.61313, -93.612017, -93.611414, -93.607017, -93.596896, -93.596922, -93.605292, -93.60661, -93.607589, -93.613919, -93.617158, -93.617072, -93.622735, -93.622869, -93.623611, 41.572605, 41.57418, 41.578, 41.579285, 41.580089, 41.579689, 41.578089, 41.575385, 41.569746, 41.569944, 41.570466, 41.570681, 41.570703, 41.570722, 41.568554, 41.568889, 41.569992, 41.572605))"
19153004300,"Census Tract 43, Polk County, Iowa",medincome,60123,10215,"list(c(-93.625741, -93.625754, -93.625707, -93.625472, -93.623877, -93.622967, -93.622824, -93.622735, -93.617072, -93.617158, -93.613919, -93.613727, -93.610321, -93.606991, -93.606625, -93.606519, -93.606535, -93.606513, -93.616126, -93.625757, -93.625741, 41.55183, 41.55545, 41.559079, 41.562341, 41.564941, 41.567656, 41.568493, 41.568889, 41.568554, 41.570722, 41.570703, 41.569848, 41.565351, 41.560961, 41.560616, 41.559214, 41.555373, 41.548134, 41.548165, 41.548215, 41.55183))"
19153011201,"Census Tract 112.01, Polk County, Iowa",medincome,64674,11694,"list(c(-93.727427, -93.726779, -93.716324, -93.713851, -93.712858, -93.71228, -93.709027, -93.708089, -93.703758, -93.703758, -93.703769, -93.703769, -93.703679, -93.703658, -93.703561, -93.703548, -93.709578, -93.712796, -93.713288, -93.713299, -93.715965, -93.71659, -93.718159, -93.718321, -93.718511, -93.718595, -93.718101, -93.718095, -93.718873, -93.719514, -93.719585, -93.725353, -93.725457, -93.727311, -93.727427, 41.614865, 41.614858, 41.614778, 41.614793, 41.61469, 41.614707, 41.614881, 
41.614882, 41.614886, 41.614774, 41.607646, 41.607193, 41.600437, 41.600437, 41.593157, 41.591837, 41.591832, 41.591841, 41.591842, 41.591493, 41.591472, 41.591569, 41.592406, 41.593272, 41.595965, 41.596417, 41.599604, 41.60038, 41.600382, 41.601275, 41.607693, 41.607661, 41.607661, 41.607662, 41.614865))"
19153011111,"Census Tract 111.11, Polk County, Iowa",medincome,47831,11033,"list(c(-93.732288, -93.725526, -93.725605, -93.727102, -93.727162, -93.72732, -93.718321, -93.718159, -93.71659, -93.715965, -93.713299, -93.713288, -93.712796, -93.709578, -93.706165, -93.704721, -93.704704, -93.703464, -93.703415, -93.703499, -93.703401, -93.703381, -93.713032, -93.721074, -93.72541, -93.727701, -93.732297, -93.732288, 41.58462, 41.584614, 41.588327, 41.588328, 41.591286, 41.59329, 41.593272, 41.592406, 41.591569, 41.591472, 41.591493, 41.591842, 41.591841, 41.591832, 41.589155, 
41.589152, 41.588201, 41.5882, 41.585885, 41.582695, 41.580854, 41.577267, 41.577308, 41.57734, 41.577358, 41.577374, 41.577379, 41.58462))"
19153003002,"Census Tract 30.02, Polk County, Iowa",medincome,107143,28880,"list(c(-93.709578, -93.703548, -93.703561, -93.693698, -93.683508, -93.681691, -93.678779, -93.674384, -93.674354, -93.674292, -93.680523, -93.68168, -93.685559, -93.69101, -93.693757, -93.701579, -93.703345, -93.703499, -93.703415, -93.703464, -93.704704, -93.704721, -93.706165, -93.709578, 41.591832, 41.591837, 41.593157, 41.59269, 41.592154, 41.59189, 41.591415, 41.591407, 41.588061, 41.584529, 41.584837, 41.584757, 41.584519, 41.582704, 41.582845, 41.582696, 41.582695, 41.582695, 41.585885, 41.5882, 
41.588201, 41.589152, 41.589155, 41.591832))"
19153005100,"Census Tract 51, Polk County, Iowa",medincome,49706,7019,"list(c(-93.643759, -93.64104, -93.640609, -93.641901, -93.641054, -93.640761, -93.641169, -93.642536, -93.642523, -93.6401, -93.637113, -93.637736, -93.632121, -93.632133, -93.63542, -93.635806, -93.635956, -93.625655, -93.616706, -93.604671, -93.59894, -93.597968, -93.596948, -93.596899, -93.60547, -93.60729, -93.61648, -93.615033, -93.612017, -93.61313, -93.617728, -93.62162, -93.623611, -93.625617, -93.632511, -93.635325, -93.639145, -93.642951, -93.643744, -93.643759, 41.577468, 41.579919, 41.58115, 
41.582324, 41.583138, 41.584441, 41.58447, 41.585722, 41.587113, 41.587115, 41.587118, 41.591667, 41.591658, 41.59267, 41.59552, 41.595932, 41.596126, 41.595866, 41.595659, 41.595095, 41.596127, 41.593391, 41.590578, 41.586917, 41.587308, 41.587112, 41.585236, 41.581809, 41.580089, 41.579285, 41.578, 41.57418, 41.572605, 41.57179, 41.573692, 41.574012, 41.573143, 41.573492, 41.574378, 41.577468))"
19153003901,"Census Tract 39.01, Polk County, Iowa",medincome,42042,6185,"list(c(-93.596896, -93.593384, -93.590359, -93.589065, -93.577242, -93.577376, -93.574041, -93.574869, -93.577438, -93.577479, -93.579031, -93.590647, -93.596718, -93.596922, -93.596896, 41.575385, 41.574984, 41.575069, 41.574804, 41.570272, 41.568419, 41.566475, 41.564513, 41.56227, 41.555154, 41.555275, 41.555306, 41.555322, 41.569746, 41.575385))"
19153010211,"Census Tract 102.11, Polk County, Iowa",medincome,75000,8289,"list(c(-93.599166, -93.596196, -93.595583, -93.598553, -93.598313, -93.598304, -93.590738, -93.58107, -93.570524, -93.568249, -93.560868, -93.560871, -93.568863, -93.570572, -93.581153, -93.58113, -93.586052, -93.590785, -93.598285, -93.599166, 41.725954, 41.725973, 41.728688, 41.729631, 41.730936, 41.731848, 41.731862, 41.73188, 41.731837, 41.731834, 41.731659, 41.717348, 41.717363, 41.717366, 41.717404, 41.72421, 41.72422, 41.723396, 41.723381, 41.725954))"
19153000902,"Census Tract 9.02, Polk County, Iowa",medincome,66359,11125,"list(c(-93.693087, -93.687494, -93.687539, -93.68152, -93.673053, -93.673016, -93.672955, -93.672946, -93.672896, -93.674384, -93.681322, -93.693058, -93.693085, -93.693087, 41.611258, 41.611254, 41.614875, 41.614881, 41.614915, 41.611309, 41.607389, 41.604002, 41.600339, 41.600337, 41.600363, 41.600408, 41.60764, 41.611258))"
19153004400,"Census Tract 44, Polk County, Iowa",medincome,45643,13007,"list(c(-93.613919, -93.607589, -93.60661, -93.605292, -93.596922, -93.596718, -93.596742, -93.596728, -93.60262, -93.606513, -93.606535, -93.606519, -93.606625, -93.606991, -93.610321, -93.613727, -93.613919, 41.570703, 41.570681, 41.570466, 41.569944, 41.569746, 41.555322, 41.553243, 41.548091, 41.54811, 41.548134, 41.555373, 41.559214, 41.560616, 41.560961, 41.565351, 41.569848, 41.570703))"
19153004800,"Census Tract 48, Polk County, Iowa",medincome,45810,8440,"list(c(-93.613573, -93.611417, -93.610917, -93.608388, -93.600537, -93.600549, -93.59894, -93.604671, -93.616706, -93.613573, 41.600358, 41.603989, 41.607389, 41.607656, 41.607722, 41.600576, 41.596127, 41.595095, 41.595659, 41.600358))"
19153011205,"Census Tract 112.05, Polk County, Iowa",medincome,61224,5041,"list(c(-93.746479, -93.736421, -93.731631, -93.727427, -93.727311, -93.725457, -93.725353, -93.719585, -93.719514, -93.718873, -93.718095, -93.718101, -93.718595, -93.719527, -93.724125, -93.736082, -93.736229, -93.736264, -93.740334, -93.742497, -93.746479, 41.614926, 41.614977, 41.614915, 41.614865, 41.607662, 41.607661, 41.607661, 41.607693, 41.601275, 41.600382, 41.60038, 41.599604, 41.596417, 41.597421, 41.600295, 41.600442, 41.600461, 41.605489, 41.607471, 41.610445, 41.614926))"
19153004701,"Census Tract 47.01, Polk County, Iowa",medincome,47448,6372,"list(c(-93.674217, -93.674124, -93.673723, -93.667404, -93.664621, -93.664708, -93.661027, -93.659403, -93.6578, -93.654204, -93.648929, -93.645053, -93.644889, -93.64303, -93.639459, -93.635316, -93.625696, -93.625653, -93.625628, -93.625636, -93.635167, -93.644926, -93.658892, -93.674276, -93.674217, 41.514023, 41.521734, 41.522989, 41.526409, 41.526351, 41.524235, 41.524322, 41.523771, 41.526308, 41.526751, 41.526546, 41.526054, 41.526102, 41.526555, 41.526553, 41.526529, 41.526475, 41.521188, 
41.517025, 41.512053, 41.512074, 41.512094, 41.512062, 41.512065, 41.514023))"
19153010101,"Census Tract 101.01, Polk County, Iowa",medincome,101398,6378,"list(c(-93.698032, -93.688036, -93.678349, -93.619968, -93.600376, -93.580878, -93.571161, -93.492689, -93.4825, -93.473161, -93.463437, -93.347933, -93.348064, -93.348064, -93.348151, -93.348145, -93.34832, -93.388495, -93.407735, -93.409189, -93.425797, -93.426133, -93.464272, -93.464907, -93.493114, -93.502747, -93.541446, -93.560811, -93.565003, -93.570428, -93.57503, -93.575142, -93.575436, -93.576415, -93.581049, -93.581054, -93.600513, -93.624859, -93.639506, -93.683315, -93.695356, -93.697517, 
-93.697473, -93.697603, -93.697987, -93.697994, -93.698032, 41.86337, 41.863371, 41.863365, 41.863215, 41.863212, 41.863218, 41.863214, 41.863116, 41.863119, 41.863172, 41.863213, 41.863104, 41.83508, 41.834764, 41.805577, 41.776636, 41.746361, 41.746202, 41.731508, 41.731789, 41.731968, 41.746423, 41.746383, 41.746395, 41.746167, 41.746159, 41.746321, 41.746293, 41.746324, 41.746365, 41.74572, 41.744784, 41.745558, 41.745783, 41.746356, 41.7768, 41.776799, 41.776821, 41.77683, 41.776879, 41.776916, 
41.776946, 41.784241, 41.835198, 41.856171, 41.859075, 41.86337))"
19153002900,"Census Tract 29, Polk County, Iowa",medincome,36540,6078,"list(c(-93.674384, -93.668256, -93.664177, -93.656834, -93.654459, -93.654457, -93.65448, -93.654506, -93.659679, -93.66417, -93.674292, -93.674354, -93.674384, 41.591407, 41.59319, 41.593289, 41.593184, 41.593382, 41.593119, 41.588025, 41.584386, 41.584438, 41.584466, 41.584529, 41.588061, 41.591407))"
19153011001,"Census Tract 110.01, Polk County, Iowa",medincome,50449,8817,"list(c(-93.732387, -93.732297, -93.727701, -93.72541, -93.721074, -93.713032, -93.703381, -93.70327, -93.714687, -93.729657, -93.731769, -93.733045, -93.732387, 41.572319, 41.577379, 41.577374, 41.577358, 41.57734, 41.577308, 41.577267, 41.56917, 41.569497, 41.57016, 41.570876, 41.571422, 41.572319))"
19153000201,"Census Tract 2.01, Polk County, Iowa",medincome,63100,10282,"list(c(-93.57531, -93.575154, -93.575846, -93.575269, -93.57093, -93.569412, -93.562602, -93.561153, -93.561222, -93.561265, -93.576164, -93.57531, 41.627767, 41.62965, 41.636847, 41.636955, 41.636779, 41.636798, 41.636756, 41.636748, 41.627673, 41.622238, 41.622284, 41.627767))"
19153000702,"Census Tract 7.02, Polk County, Iowa",medincome,66875,9574,"list(c(-93.680871, -93.670541, -93.670225, -93.666634, -93.666165, -93.664843, -93.661778, -93.652298, -93.648423, -93.646007, -93.64063, -93.640379, -93.64186, -93.642621, -93.645125, -93.651447, -93.657446, -93.658785, -93.661812, -93.662554, -93.664336, -93.665816, -93.665775, -93.665795, -93.665951, -93.666073, -93.66853, -93.669876, -93.67147, -93.678253, -93.678471, -93.680871, 41.651473, 41.651013, 41.650999, 41.650839, 41.647965, 41.646529, 41.645655, 41.643576, 41.641502, 41.640944, 41.640861, 
41.640109, 41.636768, 41.632128, 41.62767, 41.62774, 41.629378, 41.629529, 41.629552, 41.629981, 41.633196, 41.636429, 41.636429, 41.636849, 41.640107, 41.642498, 41.644145, 41.645254, 41.646006, 41.647332, 41.647942, 41.651473))"
19153011027,"Census Tract 110.27, Polk County, Iowa",medincome,80625,12776,"list(c(-93.777106, -93.772612, -93.770923, -93.765764, -93.763066, -93.758593, -93.756349, -93.751928, -93.752863, -93.756626, -93.756521, -93.751951, -93.751649, -93.751087, -93.751199, -93.75277, -93.766128, -93.766434, -93.775462, -93.776322, -93.776797, -93.777419, -93.777106, 41.574728, 41.571865, 41.571711, 41.572432, 41.572005, 41.570147, 41.57015, 41.570147, 41.56839, 41.567851, 41.565262, 41.561706, 41.552447, 41.549701, 41.542976, 41.542573, 41.540966, 41.541214, 41.541078, 41.547796, 41.559144, 
41.574749, 41.574728))"
19153000703,"Census Tract 7.03, Polk County, Iowa",medincome,64010,11815,"list(c(-93.678038, -93.672012, -93.668404, -93.661812, -93.65875, -93.658619, -93.658579, -93.658551, -93.658525, -93.663365, -93.673053, -93.673129, -93.673233, -93.6739, -93.678038, 41.629496, 41.629513, 41.629526, 41.629552, 41.628263, 41.622916, 41.62043, 41.618622, 41.614964, 41.614993, 41.614915, 41.619878, 41.620232, 41.622096, 41.629496))"
19153010209,"Census Tract 102.09, Polk County, Iowa",medincome,68275,10173,"list(c(-93.600341, -93.600336, -93.590099, -93.581049, -93.576415, -93.575436, -93.575142, -93.57503, -93.570428, -93.571149, -93.570454, -93.570496, -93.570512, -93.570524, -93.58107, -93.590738, -93.598304, -93.600353, -93.600341, 41.738674, 41.746342, 41.746351, 41.746356, 41.745783, 41.745558, 41.744784, 41.74572, 41.746365, 41.74275, 41.737925, 41.735554, 41.733521, 41.731837, 41.73188, 41.731862, 41.731848, 41.731844, 41.738674))"
19153010706,"Census Tract 107.06, Polk County, Iowa",medincome,78018,6355,"list(c(-93.50327, -93.503228, -93.503215, -93.503201, -93.503199, -93.503195, -93.503181, -93.503173, -93.503094, -93.503082, -93.485556, -93.483491, -93.48356, -93.483594, -93.48372, -93.483723, -93.481108, -93.469293, -93.464573, -93.464625, -93.464631, -93.459658, -93.445145, -93.445085, -93.444892, -93.444718, -93.444006, -93.443982, -93.459186, -93.462069, -93.463313, -93.469478, -93.474334, -93.47764, -93.47978, -93.483955, -93.484177, -93.489737, -93.497063, -93.503243, -93.503259, -93.503268, 
-93.503267, -93.503266, -93.503259, -93.503247, -93.503256, -93.50327, 41.623833, 41.629615, 41.631557, 41.63323, 41.63355, 41.634201, 41.637771, 41.63881, 41.658538, 41.662133, 41.661879, 41.661953, 41.661464, 41.658509, 41.644734, 41.644048, 41.644093, 41.649149, 41.651134, 41.64409, 41.629633, 41.629626, 41.629667, 41.618801, 41.607901, 41.602262, 41.600829, 41.600651, 41.600641, 41.600446, 41.600502, 41.600608, 41.600619, 41.600645, 41.600647, 41.600636, 41.600634, 41.600627, 41.600612, 41.600617, 
41.605921, 41.608257, 41.608428, 41.608588, 41.610808, 41.620609, 41.622167, 41.623833))"
19153001500,"Census Tract 15, Polk County, Iowa",medincome,51418,7525,"list(c(-93.624782, -93.624789, -93.620594, -93.619935, -93.619933, -93.614954, -93.61024, -93.61024, -93.600548, -93.600558, -93.600537, -93.608388, -93.610917, -93.611317, -93.612217, -93.616017, -93.619864, -93.625307, -93.624782, 41.615486, 41.619001, 41.618978, 41.618747, 41.618611, 41.618613, 41.618615, 41.618635, 41.618643, 41.614985, 41.607722, 41.607656, 41.607389, 41.608789, 41.609389, 41.611689, 41.612858, 41.613777, 41.615486))"
19153010804,"Census Tract 108.04, Polk County, Iowa",medincome,93170,12712,"list(c(-93.529809, -93.516825, -93.512565, -93.511885, -93.510623, -93.510044, -93.507743, -93.502634, -93.500769, -93.499516, -93.49872, -93.497063, -93.489737, -93.484177, -93.483955, -93.47978, -93.47764, -93.474334, -93.469478, -93.463313, -93.462069, -93.459186, -93.443982, -93.439928, -93.43518, -93.435249, -93.435426, -93.435391, -93.443304, -93.442979, -93.443089, -93.443097, -93.444483, -93.445345, -93.445405, -93.447126, -93.452002, -93.455452, -93.460015, -93.460449, -93.459233, -93.459413, 
-93.46386, -93.467106, -93.470711, -93.473783, -93.476253, -93.477132, -93.477162, -93.478197, -93.48038, -93.484106, -93.486949, -93.488781, -93.488651, -93.486662, -93.487591, -93.488378, -93.491208, -93.494559, -93.498993, -93.50039, -93.502138, -93.504581, -93.505893, -93.506021, -93.507718, -93.511314, -93.51206, -93.513318, -93.513189, -93.514674, -93.516728, -93.521926, -93.528161, -93.529614, -93.529437, -93.529714, -93.529809, 41.582933, 41.581025, 41.580803, 41.580945, 41.581735, 41.582045, 
41.58228, 41.586064, 41.58798, 41.590158, 41.593027, 41.600612, 41.600627, 41.600634, 41.600636, 41.600647, 41.600645, 41.600619, 41.600608, 41.600502, 41.600446, 41.600641, 41.600651, 41.600673, 41.600676, 41.594833, 41.579922, 41.550926, 41.550977, 41.5379, 41.537179, 41.511843, 41.512459, 41.513889, 41.516949, 41.518881, 41.520326, 41.522023, 41.526137, 41.527581, 41.529749, 41.532485, 41.537431, 41.539092, 41.543341, 41.54448, 41.544291, 41.543158, 41.541482, 41.539776, 41.53893, 41.538521, 41.539527, 
41.541916, 41.544608, 41.54827, 41.552863, 41.553889, 41.553211, 41.552426, 41.552295, 41.552644, 41.55354, 41.556501, 41.559989, 41.562325, 41.563584, 41.564081, 41.563822, 41.563037, 41.558323, 41.554457, 41.553212, 41.551967, 41.551985, 41.553889, 41.568629, 41.572487, 41.582933))"
19153010102,"Census Tract 101.02, Polk County, Iowa",medincome,99973,11573,"list(c(-93.581229, -93.562118, -93.560896, -93.559985, -93.560684, -93.560816, -93.560894, -93.560887, -93.560871, -93.560868, -93.568249, -93.570524, -93.570512, -93.570496, -93.570454, -93.571149, -93.570428, -93.565003, -93.560811, -93.541446, -93.502747, -93.493114, -93.464907, -93.464272, -93.426133, -93.425797, -93.409189, -93.407735, -93.388495, -93.34832, -93.348228, -93.34847, -93.348508, -93.348449, -93.348464, -93.367788, -93.373348, -93.387108, -93.399156, -93.402486, -93.405147, -93.425817, 
-93.43417, -93.44419, -93.454039, -93.458881, -93.469715, -93.478776, -93.4803, -93.483491, -93.485556, -93.503082, -93.503073, -93.503081, -93.503091, -93.503111, -93.50314, -93.503208, -93.541793, -93.545181, -93.561061, -93.561437, -93.581291, -93.581229, 41.702884, 41.702866, 41.702863, 41.705032, 41.706556, 41.707046, 41.710027, 41.713743, 41.717348, 41.731659, 41.731834, 41.731837, 41.733521, 41.735554, 41.737925, 41.74275, 41.746365, 41.746324, 41.746293, 41.746321, 41.746159, 41.746167, 41.746395, 
41.746383, 41.746423, 41.731968, 41.731789, 41.731508, 41.746202, 41.746361, 41.720289, 41.717318, 41.688406, 41.684418, 41.680957, 41.680485, 41.680493, 41.680554, 41.680607, 41.68039, 41.679925, 41.675452, 41.673652, 41.671972, 41.670389, 41.669296, 41.665818, 41.662854, 41.662445, 41.661953, 41.661879, 41.662133, 41.665761, 41.669414, 41.672981, 41.676663, 41.68024, 41.688405, 41.688297, 41.688167, 41.688303, 41.688306, 41.688388, 41.702884))"
19153010205,"Census Tract 102.05, Polk County, Iowa",medincome,76069,6879,"list(c(-93.638882, -93.638913, -93.634916, -93.629434, -93.623435, -93.622018, -93.621514, -93.618194, -93.609787, -93.608845, -93.610031, -93.610008, -93.600336, -93.600341, -93.600353, -93.598304, -93.598313, -93.598553, -93.595583, -93.596196, -93.599166, -93.598285, -93.598294, -93.59521, -93.600484, -93.60064, -93.616864, -93.62146, -93.621496, -93.621098, -93.621943, -93.623812, -93.633445, -93.634212, -93.637543, -93.638534, -93.639067, -93.638882, 41.717078, 41.727255, 41.729453, 41.729761, 
41.729744, 41.729574, 41.731856, 41.731859, 41.731899, 41.731903, 41.734111, 41.74638, 41.746342, 41.738674, 41.731844, 41.731848, 41.730936, 41.729631, 41.728688, 41.725973, 41.725954, 41.723381, 41.720083, 41.717379, 41.717368, 41.702931, 41.703031, 41.70317, 41.69916, 41.696338, 41.696222, 41.696553, 41.70186, 41.703234, 41.703285, 41.708413, 41.713692, 41.717078))"
19153000102,"Census Tract 1.02, Polk County, Iowa",medincome,62750,9188,"list(c(-93.541835, -93.541848, -93.5419, -93.529915, -93.529897, -93.52991, -93.529893, -93.529908, -93.529899, -93.541823, -93.541923, -93.541835, 41.61875, 41.622367, 41.629596, 41.629603, 41.623593, 41.622309, 41.620546, 41.619465, 41.615121, 41.615083, 41.615065, 41.61875))"
19153003200,"Census Tract 32, Polk County, Iowa",medincome,79297,27169,"list(c(-93.674292, -93.66417, -93.659679, -93.654506, -93.641169, -93.640761, -93.641054, -93.645112, -93.657343, -93.661746, -93.669442, -93.674337, -93.674292, 41.584529, 41.584466, 41.584438, 41.584386, 41.58447, 41.584441, 41.583138, 41.582851, 41.577876, 41.57511, 41.570892, 41.569682, 41.584529))"
19153004501,"Census Tract 45.01, Polk County, Iowa",medincome,59621,10186,"list(c(-93.625757, -93.616126, -93.606513, -93.60262, -93.596728, -93.596842, -93.596836, -93.606481, -93.616093, -93.62575, -93.625757, 41.548215, 41.548165, 41.548134, 41.54811, 41.548091, 41.540667, 41.54064, 41.540885, 41.540949, 41.540962, 41.548215))"
19153004702,"Census Tract 47.02, Polk County, Iowa",medincome,32150,2137,"list(c(-93.625696, -93.616077, -93.606445, -93.596865, -93.59685, -93.595741, -93.596752, -93.596699, -93.61599, -93.625636, -93.625628, -93.625653, -93.625696, 41.526475, 41.526429, 41.526357, 41.526314, 41.522241, 41.518955, 41.517345, 41.511838, 41.511967, 41.512053, 41.517025, 41.521188, 41.526475))"
19153000803,"Census Tract 8.03, Polk County, Iowa",medincome,45368,7039,"list(c(-93.708601, -93.704019, -93.703807, -93.703852, -93.702567, -93.697701, -93.687753, -93.687653, -93.687539, -93.69775, -93.702579, -93.703758, -93.708089, -93.707344, -93.708649, -93.708601, 41.622135, 41.622136, 41.622136, 41.629395, 41.629397, 41.629404, 41.629453, 41.622233, 41.614875, 41.614878, 41.614887, 41.614886, 41.614882, 41.616086, 41.616688, 41.622135))"
19153011300,"Census Tract 113, Polk County, Iowa",medincome,92675,13857,"list(c(-93.814691, -93.807862, -93.798755, -93.785074, -93.782182, -93.781304, -93.777929, -93.776406, -93.775997, -93.774487, -93.774476, -93.774595, -93.774164, -93.765551, -93.763036, -93.755798, -93.755864, -93.755882, -93.755925, -93.755933, -93.767972, -93.770152, -93.771976, -93.77391, -93.775234, -93.776122, -93.777175, -93.777066, -93.77699, -93.776986, -93.791515, -93.808116, -93.814297, -93.814322, -93.814372, -93.814463, -93.814326, -93.814337, -93.814406, -93.814465, -93.814456, -93.814442, 
-93.81441, -93.814449, -93.814464, -93.814481, -93.814507, -93.814537, -93.814417, -93.814627, -93.814731, -93.814691, 41.750568, 41.747831, 41.746071, 41.743696, 41.743141, 41.742976, 41.741537, 41.739806, 41.738612, 41.716117, 41.702904, 41.700538, 41.688418, 41.688346, 41.688347, 41.68835, 41.672956, 41.665684, 41.658441, 41.651738, 41.651359, 41.650954, 41.650299, 41.649206, 41.648003, 41.646899, 41.644007, 41.629526, 41.622183, 41.614878, 41.614937, 41.614885, 41.614868, 41.622059, 41.62841, 
41.629058, 41.632979, 41.643847, 41.651072, 41.665694, 41.67294, 41.677559, 41.688432, 41.703253, 41.705079, 41.707198, 41.710167, 41.717456, 41.718466, 41.731933, 41.749987, 41.750568))"
19153010408,"Census Tract 104.08, Polk County, Iowa",medincome,58548,7776,"list(c(-93.717054, -93.717031, -93.716946, -93.717062, -93.707423, -93.70268, -93.702567, -93.703852, -93.703807, -93.704019, -93.708601, -93.708649, -93.707344, -93.708089, -93.709027, -93.71228, -93.712858, -93.713851, -93.716324, -93.716837, -93.717066, -93.717054, 41.625733, 41.629367, 41.629367, 41.636592, 41.63665, 41.636661, 41.629397, 41.629395, 41.622136, 41.622136, 41.622135, 41.616688, 41.616086, 41.614882, 41.614881, 41.614707, 41.61469, 41.614793, 41.614778, 41.61498, 41.622086, 41.625733
))"
19153002700,"Census Tract 27, Polk County, Iowa",medincome,50200,7218,"list(c(-93.65448, -93.654457, -93.654459, -93.646836, -93.644282, -93.635956, -93.635806, -93.63542, -93.632133, -93.632121, -93.637736, -93.637113, -93.6401, -93.642523, -93.642536, -93.641169, -93.654506, -93.65448, 41.588025, 41.593119, 41.593382, 41.595717, 41.595964, 41.596126, 41.595932, 41.59552, 41.59267, 41.591658, 41.591667, 41.587118, 41.587115, 41.587113, 41.585722, 41.58447, 41.584386, 41.588025))"
19153001900,"Census Tract 19, Polk County, Iowa",medincome,51802,9537,"list(c(-93.561144, -93.556132, -93.55147, -93.546731, -93.541923, -93.541823, -93.529899, -93.529895, -93.529908, -93.529804, -93.529854, -93.533372, -93.55146, -93.558403, -93.558388, -93.558403, -93.561138, -93.561144, 41.610389, 41.61114, 41.612448, 41.613563, 41.615065, 41.615083, 41.615121, 41.611503, 41.607876, 41.60089, 41.600633, 41.600653, 41.6006, 41.600575, 41.605966, 41.607757, 41.607746, 41.610389))"
19153010409,"Census Tract 104.09, Polk County, Iowa",medincome,89034,7308,"list(c(-93.717101, -93.706568, -93.697614, -93.697618, -93.697643, -93.697657, -93.70268, -93.707423, -93.717062, -93.71707, -93.717024, -93.717002, -93.717005, -93.717101, 41.652838, 41.652614, 41.65222, 41.648904, 41.643914, 41.63668, 41.636661, 41.63665, 41.636592, 41.643376, 41.643835, 41.643835, 41.647149, 41.652838))"
19153000901,"Census Tract 9.01, Polk County, Iowa",medincome,56150,6140,"list(c(-93.703769, -93.703758, -93.703758, -93.702579, -93.69775, -93.687539, -93.687494, -93.693087, -93.693085, -93.693058, -93.69375, -93.697725, -93.703658, -93.703679, -93.703769, -93.703769, 41.607646, 41.614774, 41.614886, 41.614887, 41.614878, 41.614875, 41.611254, 41.611258, 41.60764, 41.600408, 41.600411, 41.600425, 41.600437, 41.600437, 41.607193, 41.607646))"
19153010500,"Census Tract 105, Polk County, Iowa",medincome,63958,7954,"list(c(-93.679016, -93.677905, -93.668644, -93.661311, -93.657042, -93.656022, -93.653882, -93.639335, -93.638595, -93.630213, -93.615588, -93.60738, -93.593277, -93.590576, -93.581291, -93.581273, -93.581273, -93.581248, -93.581249, -93.58131, -93.581343, -93.58133, -93.585671, -93.586976, -93.594492, -93.600491, -93.6007, -93.604793, -93.610254, -93.615114, -93.619972, -93.62481, -93.628776, -93.628977, -93.629645, -93.634465, -93.636251, -93.640144, -93.64186, -93.640379, -93.64063, -93.646007, 
-93.648423, -93.652298, -93.661778, -93.664843, -93.666165, -93.666634, -93.667407, -93.66715, -93.664555, -93.666125, -93.669909, -93.670625, -93.670227, -93.666872, -93.667396, -93.669199, -93.667171, -93.668788, -93.671526, -93.676769, -93.679335, -93.679016, 41.687805, 41.68839, 41.688416, 41.688287, 41.688588, 41.68837, 41.688366, 41.68856, 41.688364, 41.688301, 41.688356, 41.688377, 41.688391, 41.688397, 41.688388, 41.68054, 41.677718, 41.673276, 41.66602, 41.651467, 41.64416, 41.63689, 41.63689, 
41.636857, 41.636821, 41.636794, 41.636792, 41.636779, 41.636757, 41.636752, 41.636752, 41.636753, 41.636778, 41.636779, 41.636786, 41.63676, 41.636753, 41.636777, 41.636768, 41.640109, 41.640861, 41.640944, 41.641502, 41.643576, 41.645655, 41.646529, 41.647965, 41.650839, 41.65209, 41.652685, 41.657357, 41.659804, 41.661706, 41.662851, 41.664073, 41.665687, 41.669598, 41.671893, 41.676838, 41.680464, 41.682728, 41.684617, 41.686389, 41.687805))"
19153010208,"Census Tract 102.08, Polk County, Iowa",medincome,71875,6626,"list(c(-93.639052, -93.633523, -93.619711, -93.610008, -93.610031, -93.608845, -93.609787, -93.618194, -93.621514, -93.62157, -93.628836, -93.629964, -93.634781, -93.639075, -93.639052, 41.746286, 41.746318, 41.746376, 41.74638, 41.734111, 41.731903, 41.731899, 41.731859, 41.731856, 41.739538, 41.739497, 41.739493, 41.739453, 41.737473, 41.746286))"
19153004100,"Census Tract 41, Polk County, Iowa",medincome,69036,7803,"list(c(-93.64492, -93.644886, -93.644747, -93.643048, -93.641901, -93.640609, -93.64104, -93.643759, -93.643744, -93.642951, -93.639145, -93.635325, -93.632511, -93.625617, -93.623611, -93.622869, -93.622735, -93.622824, -93.622967, -93.623877, -93.625472, -93.625707, -93.625754, -93.625741, -93.625757, -93.637867, -93.644917, -93.64492, 41.555438, 41.568561, 41.580009, 41.58122, 41.582324, 41.58115, 41.579919, 41.577468, 41.574378, 41.573492, 41.573143, 41.574012, 41.573692, 41.57179, 41.572605, 
41.569992, 41.568889, 41.568493, 41.567656, 41.564941, 41.562341, 41.559079, 41.55545, 41.55183, 41.548215, 41.548218, 41.548226, 41.555438))"
19153011404,"Census Tract 114.04, Polk County, Iowa",medincome,110433,6373,"list(c(-93.776406, -93.775545, -93.775502, -93.775466, -93.770536, -93.764088, -93.757171, -93.755504, -93.75453, -93.753511, -93.752858, -93.752495, -93.751648, -93.749393, -93.74416, -93.742207, -93.741397, -93.741279, -93.741086, -93.738734, -93.72971, -93.724457, -93.714397, -93.712189, -93.711517, -93.708838, -93.702909, -93.697741, -93.691084, -93.68742, -93.686716, -93.678108, -93.675486, -93.674227, -93.675411, -93.681394, -93.681241, -93.678774, -93.677964, -93.678863, -93.679016, -93.679335, 
-93.676769, -93.671526, -93.668788, -93.675943, -93.677496, -93.67972, -93.680146, -93.680054, -93.697674, -93.705748, -93.708684, -93.712022, -93.724286, -93.725746, -93.728203, -93.736472, -93.736402, -93.755798, -93.763036, -93.765551, -93.774164, -93.774595, -93.774476, -93.774487, -93.775997, -93.776406, 41.739806, 41.740334, 41.742967, 41.753894, 41.753903, 41.753939, 41.753447, 41.752747, 41.75377, 41.754547, 41.752945, 41.754767, 41.754934, 41.754113, 41.750546, 41.748867, 41.748888, 41.750083, 
41.751283, 41.749955, 41.747347, 41.746315, 41.744547, 41.743891, 41.743635, 41.742289, 41.738435, 41.734115, 41.727587, 41.722403, 41.721939, 41.712692, 41.704055, 41.700027, 41.695256, 41.693103, 41.692052, 41.690315, 41.689892, 41.688503, 41.687805, 41.686389, 41.684617, 41.682728, 41.680464, 41.680518, 41.68053, 41.680467, 41.680045, 41.673247, 41.67296, 41.673001, 41.672881, 41.672867, 41.672656, 41.672744, 41.672933, 41.672973, 41.688373, 41.68835, 41.688347, 41.688346, 41.688418, 41.700538, 
41.702904, 41.716117, 41.738612, 41.739806))"
19153010212,"Census Tract 102.12, Polk County, Iowa",medincome,85405,10143,"list(c(-93.600484, -93.59521, -93.598294, -93.598285, -93.590785, -93.586052, -93.58113, -93.581153, -93.570572, -93.568863, -93.560871, -93.560887, -93.560894, -93.560816, -93.560684, -93.559985, -93.560896, -93.562118, -93.581229, -93.60064, -93.600484, 41.717368, 41.717379, 41.720083, 41.723381, 41.723396, 41.72422, 41.72421, 41.717404, 41.717366, 41.717363, 41.717348, 41.713743, 41.710027, 41.707046, 41.706556, 41.705032, 41.702863, 41.702866, 41.702884, 41.702931, 41.717368))"
19153011500,"Census Tract 115, Polk County, Iowa",medincome,107172,10967,"list(c(-93.815721, -93.795756, -93.776167, -93.737509, -93.707789, -93.702844, -93.698032, -93.697994, -93.697987, -93.697603, -93.697473, -93.697517, -93.697499, -93.697485, -93.697613, -93.697695, -93.697757, -93.697753, -93.697741, -93.702909, -93.708838, -93.711517, -93.712189, -93.714397, -93.724457, -93.72971, -93.738734, -93.741086, -93.741279, -93.741397, -93.742207, -93.74416, -93.749393, -93.751648, -93.752495, -93.752858, -93.753511, -93.75453, -93.755504, -93.757171, -93.764088, -93.770536, 
-93.775466, -93.775502, -93.775545, -93.776406, -93.777929, -93.781304, -93.782182, -93.785074, -93.798755, -93.807862, -93.814691, -93.81464, -93.814591, -93.814609, -93.814675, -93.814749, -93.814892, -93.814992, -93.815032, -93.815033, -93.815048, -93.815353, -93.815589, -93.815703, -93.815721, 41.863419, 41.863434, 41.863469, 41.863389, 41.863356, 41.863351, 41.86337, 41.859075, 41.856171, 41.835198, 41.784241, 41.776946, 41.771788, 41.768146, 41.762355, 41.755319, 41.755036, 41.746166, 41.734115, 
41.738435, 41.742289, 41.743635, 41.743891, 41.744547, 41.746315, 41.747347, 41.749955, 41.751283, 41.750083, 41.748888, 41.748867, 41.750546, 41.754113, 41.754934, 41.754767, 41.752945, 41.754547, 41.75377, 41.752747, 41.753447, 41.753939, 41.753903, 41.753894, 41.742967, 41.740334, 41.739806, 41.741537, 41.742976, 41.743141, 41.743696, 41.746071, 41.747831, 41.750568, 41.750703, 41.753067, 41.755639, 41.761107, 41.768334, 41.776928, 41.798608, 41.803985, 41.804245, 41.807097, 41.845685, 41.849452, 
41.85011, 41.863419))"
19153000500,"Census Tract 5, Polk County, Iowa",medincome,52699,5833,"list(c(-93.624787, -93.619942, -93.616313, -93.615088, -93.610292, -93.608433, -93.600531, -93.600535, -93.600548, -93.61024, -93.61024, -93.614954, -93.619933, -93.619935, -93.620594, -93.624789, -93.624787, 41.627661, 41.627693, 41.627697, 41.627699, 41.627706, 41.627709, 41.62772, 41.622262, 41.618643, 41.618635, 41.618615, 41.618613, 41.618611, 41.618747, 41.618978, 41.619001, 41.627661))"
19153010703,"Census Tract 107.03, Polk County, Iowa",medincome,75810,6670,"list(c(-93.48372, -93.483594, -93.48356, -93.483491, -93.4803, -93.478776, -93.469715, -93.458881, -93.454039, -93.44419, -93.443253, -93.44507, -93.445129, -93.445129, -93.448283, -93.451949, -93.464573, -93.469293, -93.481108, -93.483723, -93.48372, 41.644734, 41.658509, 41.661464, 41.661953, 41.662445, 41.662854, 41.665818, 41.669296, 41.670389, 41.671972, 41.671149, 41.669395, 41.665862, 41.66075, 41.658631, 41.656572, 41.651134, 41.649149, 41.644093, 41.644048, 41.644734))"
19153005300,"Census Tract 53, Polk County, Iowa",medincome,56875,11133,"list(c(-93.581216, -93.576976, -93.567933, -93.5639, -93.558365, -93.558378, -93.558388, -93.558394, -93.55841, -93.558403, -93.55146, -93.533372, -93.529854, -93.529842, -93.529809, -93.529714, -93.529437, -93.529614, -93.531607, -93.532943, -93.536634, -93.537958, -93.541615, -93.54415, -93.546002, -93.546885, -93.546944, -93.552974, -93.555268, -93.558563, -93.562504, -93.565215, -93.570005, -93.57277, -93.574593, -93.577242, -93.577756, -93.577868, -93.581216, 41.589933, 41.590485, 41.590355, 
41.590159, 41.589192, 41.591467, 41.593564, 41.594621, 41.597775, 41.600575, 41.6006, 41.600653, 41.600633, 41.589913, 41.582933, 41.572487, 41.568629, 41.553889, 41.554616, 41.554222, 41.550986, 41.550486, 41.550389, 41.551744, 41.554101, 41.557744, 41.561539, 41.564127, 41.568127, 41.571304, 41.572804, 41.572889, 41.570128, 41.569363, 41.569569, 41.570272, 41.573336, 41.580479, 41.589933))"
19153011113,"Census Tract 111.13, Polk County, Iowa",medincome,72064,15682,"list(c(-93.790632, -93.776702, -93.771332, -93.771155, -93.771037, -93.770976, -93.77748, -93.777795, -93.787258, -93.790547, -93.790601, -93.790602, -93.790632, 41.600425, 41.600451, 41.600444, 41.592337, 41.587758, 41.584575, 41.584519, 41.584517, 41.584436, 41.5844, 41.5896, 41.592167, 41.600425))"
19153002100,"Census Tract 21, Polk County, Iowa",medincome,39706,7867,"list(c(-93.582533, -93.570731, -93.565331, -93.563869, -93.559629, -93.558403, -93.55841, -93.558394, -93.558388, -93.558378, -93.558365, -93.5639, -93.567933, -93.576976, -93.581216, -93.581994, -93.582524, -93.582526, -93.582527, -93.582533, 41.600444, 41.600494, 41.600491, 41.600499, 41.60052, 41.600575, 41.597775, 41.594621, 41.593564, 41.591467, 41.589192, 41.590159, 41.590355, 41.590485, 41.589933, 41.592331, 41.594386, 41.595433, 41.596409, 41.600444))"
19153011600,"Census Tract 116, Polk County, Iowa",medincome,NA,NA,"list(c(-93.680772, -93.666201, -93.66558, -93.664473, -93.664421, -93.663998, -93.659439, -93.65224, -93.645094, -93.645108, -93.645053, -93.648929, -93.654204, -93.6578, -93.659403, -93.661027, -93.664708, -93.664621, -93.667404, -93.673723, -93.674124, -93.674287, -93.677089, -93.680155, -93.680772, 41.548186, 41.548092, 41.547929, 41.546499, 41.541537, 41.541105, 41.540938, 41.540982, 41.540984, 41.533739, 41.526054, 41.526546, 41.526751, 41.526308, 41.523771, 41.524322, 41.524235, 41.526351, 
41.526409, 41.522989, 41.521734, 41.541031, 41.541023, 41.545978, 41.548186))"
19153010705,"Census Tract 107.05, Polk County, Iowa",medincome,80000,15963,"list(c(-93.464625, -93.464573, -93.451949, -93.448283, -93.445129, -93.444793, -93.445123, -93.445211, -93.445236, -93.44519, -93.445167, -93.445145, -93.459658, -93.464631, -93.464625, 41.64409, 41.651134, 41.656572, 41.658631, 41.66075, 41.660441, 41.658892, 41.647793, 41.644153, 41.636892, 41.633277, 41.629667, 41.629626, 41.629633, 41.64409))"
19153010702,"Census Tract 107.02, Polk County, Iowa",medincome,84946,7711,"list(c(-93.445211, -93.445123, -93.444793, -93.445129, -93.445129, -93.44507, -93.443253, -93.44419, -93.43417, -93.425817, -93.405147, -93.402486, -93.399156, -93.387108, -93.373348, -93.367788, -93.348464, -93.348373, -93.348439, -93.348446, -93.348466, -93.348467, -93.348465, -93.348483, -93.348461, -93.348512, -93.34853, -93.348589, -93.348681, -93.328681, -93.328853, -93.328899, -93.328614, -93.328476, -93.328407, -93.332222, -93.333716, -93.336692, -93.339335, -93.340787, -93.343814, -93.346863, 
-93.347932, -93.348217, -93.351726, -93.352531, -93.356036, -93.357252, -93.359075, -93.358048, -93.358358, -93.359918, -93.361268, -93.363763, -93.370763, -93.372013, -93.37261, -93.373198, -93.377485, -93.382048, -93.385942, -93.388735, -93.39019, -93.396759, -93.398687, -93.405059, -93.405806, -93.403958, -93.401047, -93.398451, -93.397113, -93.395776, -93.395697, -93.396529, -93.398114, -93.40025, -93.404596, -93.406799, -93.409781, -93.411512, -93.414265, -93.417255, -93.420638, -93.421857, 
-93.421936, -93.416783, -93.414095, -93.412601, -93.41226, -93.413178, -93.415092, -93.417688, -93.419917, -93.422854, -93.424375, -93.424482, -93.426108, -93.427682, -93.431182, -93.436704, -93.440234, -93.442061, -93.442302, -93.441286, -93.432676, -93.430945, -93.430945, -93.43406, -93.436385, -93.441676, -93.443097, -93.443089, -93.442979, -93.443304, -93.435391, -93.435426, -93.435249, -93.43518, -93.439928, -93.443982, -93.444006, -93.444718, -93.444892, -93.445085, -93.445145, -93.445167, 
-93.44519, -93.445236, -93.445211, 41.647793, 41.658892, 41.660441, 41.66075, 41.665862, 41.669395, 41.671149, 41.671972, 41.673652, 41.675452, 41.679925, 41.68039, 41.680607, 41.680554, 41.680493, 41.680485, 41.680957, 41.676457, 41.673252, 41.67226, 41.669846, 41.669741, 41.668242, 41.666042, 41.658811, 41.647916, 41.641702, 41.619177, 41.600999, 41.601148, 41.584281, 41.534309, 41.507824, 41.492574, 41.490921, 41.488994, 41.488855, 41.485371, 41.482724, 41.481998, 41.481838, 41.482827, 41.484297, 
41.486681, 41.493408, 41.496889, 41.498158, 41.498023, 41.496337, 41.493023, 41.48976, 41.487802, 41.487169, 41.487168, 41.486346, 41.486991, 41.491673, 41.492565, 41.49448, 41.49566, 41.495365, 41.493803, 41.490236, 41.48664, 41.486551, 41.487053, 41.487996, 41.490324, 41.490914, 41.492034, 41.493272, 41.496396, 41.498224, 41.500139, 41.501837, 41.502605, 41.502291, 41.500454, 41.495013, 41.49351, 41.49236, 41.492213, 41.493097, 41.493893, 41.495485, 41.498433, 41.500488, 41.503446, 41.505549, 41.507691, 
41.509774, 41.511542, 41.511837, 41.511444, 41.509656, 41.508027, 41.505837, 41.505051, 41.504908, 41.502284, 41.502555, 41.504573, 41.506138, 41.507589, 41.507685, 41.508904, 41.510382, 41.512488, 41.512599, 41.51138, 41.511843, 41.537179, 41.5379, 41.550977, 41.550926, 41.579922, 41.594833, 41.600676, 41.600673, 41.600651, 41.600829, 41.602262, 41.607901, 41.618801, 41.629667, 41.633277, 41.636892, 41.644153, 41.647793))"
19153000704,"Census Tract 7.04, Polk County, Iowa",medincome,72102,10952,"list(c(-93.678253, -93.67147, -93.669876, -93.66853, -93.666073, -93.665951, -93.665795, -93.665775, -93.665816, -93.664336, -93.662554, -93.661812, -93.668404, -93.672012, -93.678038, -93.678082, -93.678081, -93.678121, -93.678156, -93.678253, 41.647332, 41.646006, 41.645254, 41.644145, 41.642498, 41.640107, 41.636849, 41.636429, 41.636429, 41.633196, 41.629981, 41.629552, 41.629526, 41.629513, 41.629496, 41.63542, 41.636792, 41.642325, 41.644929, 41.647332))"
19153010406,"Census Tract 104.06, Polk County, Iowa",medincome,66790,4072,"list(c(-93.777175, -93.776122, -93.775234, -93.77391, -93.771976, -93.770152, -93.767972, -93.755933, -93.755948, -93.755935, -93.755902, -93.736538, -93.736515, -93.736518, -93.736421, -93.746479, -93.755926, -93.776683, -93.776986, -93.77699, -93.777066, -93.777175, 41.644007, 41.646899, 41.648003, 41.649206, 41.650299, 41.650954, 41.651359, 41.651738, 41.643909, 41.63438, 41.629426, 41.629322, 41.622166, 41.622152, 41.614977, 41.614926, 41.614934, 41.614878, 41.614878, 41.622183, 41.629526, 41.644007
))"
19153010203,"Census Tract 102.03, Polk County, Iowa",medincome,97423,5526,"list(c(-93.697757, -93.697695, -93.697613, -93.697485, -93.697499, -93.697517, -93.695356, -93.683315, -93.639506, -93.624859, -93.600513, -93.581054, -93.581049, -93.590099, -93.600336, -93.610008, -93.619711, -93.633523, -93.639052, -93.639075, -93.639074, -93.64109, -93.65357, -93.653609, -93.65363, -93.653628, -93.653603, -93.652624, -93.650401, -93.643423, -93.639782, -93.639295, -93.638882, -93.639067, -93.638534, -93.637543, -93.634212, -93.633445, -93.623812, -93.621943, -93.621098, -93.621496, 
-93.62146, -93.616864, -93.60064, -93.581229, -93.581291, -93.590576, -93.593277, -93.60738, -93.615588, -93.630213, -93.638595, -93.639335, -93.653882, -93.656022, -93.657042, -93.661311, -93.668644, -93.677905, -93.679016, -93.678863, -93.677964, -93.678774, -93.681241, -93.681394, -93.675411, -93.674227, -93.675486, -93.678108, -93.686716, -93.68742, -93.691084, -93.697741, -93.697753, -93.697757, 41.755036, 41.755319, 41.762355, 41.768146, 41.771788, 41.776946, 41.776916, 41.776879, 41.77683, 
41.776821, 41.776799, 41.7768, 41.746356, 41.746351, 41.746342, 41.74638, 41.746376, 41.746318, 41.746286, 41.737473, 41.735362, 41.735466, 41.735344, 41.72825, 41.725658, 41.724489, 41.724105, 41.720543, 41.720213, 41.71736, 41.71721, 41.717132, 41.717078, 41.713692, 41.708413, 41.703285, 41.703234, 41.70186, 41.696553, 41.696222, 41.696338, 41.69916, 41.70317, 41.703031, 41.702931, 41.702884, 41.688388, 41.688397, 41.688391, 41.688377, 41.688356, 41.688301, 41.688364, 41.68856, 41.688366, 41.68837, 
41.688588, 41.688287, 41.688416, 41.68839, 41.687805, 41.688503, 41.689892, 41.690315, 41.692052, 41.693103, 41.695256, 41.700027, 41.704055, 41.712692, 41.721939, 41.722403, 41.727587, 41.734115, 41.746166, 41.755036))"
19153011026,"Census Tract 110.26, Polk County, Iowa",medincome,99766,24014,"list(c(-93.790622, -93.790514, -93.790526, -93.790528, -93.790547, -93.787258, -93.777795, -93.77748, -93.777106, -93.777419, -93.776797, -93.776322, -93.775462, -93.774158, -93.775171, -93.779078, -93.781883, -93.782059, -93.783075, -93.784741, -93.786704, -93.786669, -93.785424, -93.78588, -93.787002, -93.789666, -93.790523, -93.790527, -93.790622, 41.5438, 41.563693, 41.575358, 41.577344, 41.5844, 41.584436, 41.584517, 41.584519, 41.574728, 41.574749, 41.559144, 41.547796, 41.541078, 41.532335, 
41.532299, 41.533231, 41.531496, 41.529392, 41.527972, 41.527394, 41.528481, 41.530742, 41.533126, 41.535142, 41.535861, 41.535984, 41.535389, 41.535493, 41.5438))"
19153010600,"Census Tract 106, Polk County, Iowa",medincome,70033,6389,"list(c(-93.581343, -93.58131, -93.581249, -93.581248, -93.581273, -93.581273, -93.581291, -93.561437, -93.561061, -93.545181, -93.541793, -93.503208, -93.50314, -93.503111, -93.503091, -93.503081, -93.503073, -93.503082, -93.503094, -93.503173, -93.503181, -93.503195, -93.503199, -93.503201, -93.503215, -93.503228, -93.50327, -93.503256, -93.503247, -93.503259, -93.503266, -93.503267, -93.503268, -93.503259, -93.503243, -93.510698, -93.517645, -93.519179, -93.519902, -93.524285, -93.526307, -93.529854, 
-93.529804, -93.529908, -93.529895, -93.529899, -93.529908, -93.529893, -93.52991, -93.529897, -93.529915, -93.529899, -93.529914, -93.531954, -93.541862, -93.54668, -93.547442, -93.557333, -93.561153, -93.562602, -93.569412, -93.57093, -93.575269, -93.575846, -93.58133, -93.581343, 41.64416, 41.651467, 41.66602, 41.673276, 41.677718, 41.68054, 41.688388, 41.688306, 41.688303, 41.688167, 41.688297, 41.688405, 41.68024, 41.676663, 41.672981, 41.669414, 41.665761, 41.662133, 41.658538, 41.63881, 41.637771, 
41.634201, 41.63355, 41.63323, 41.631557, 41.629615, 41.623833, 41.622167, 41.620609, 41.610808, 41.608588, 41.608428, 41.608257, 41.605921, 41.600617, 41.600614, 41.600605, 41.60022, 41.599759, 41.600378, 41.600613, 41.600633, 41.60089, 41.607876, 41.611503, 41.615121, 41.619465, 41.620546, 41.622309, 41.623593, 41.629603, 41.636229, 41.63688, 41.636866, 41.636854, 41.636821, 41.636833, 41.636766, 41.636748, 41.636756, 41.636798, 41.636779, 41.636955, 41.636847, 41.63689, 41.64416))"
19153010802,"Census Tract 108.02, Polk County, Iowa",medincome,64111,6278,"list(c(-93.596865, -93.596836, -93.596842, -93.596728, -93.589356, -93.572529, -93.571959, -93.558241, -93.553415, -93.548795, -93.541758, -93.536922, -93.530014, -93.529714, -93.529614, -93.529614, -93.528161, -93.521926, -93.516728, -93.514674, -93.513189, -93.513318, -93.51206, -93.511314, -93.507718, -93.506021, -93.505893, -93.504581, -93.502138, -93.50039, -93.498993, -93.494559, -93.491208, -93.488378, -93.487591, -93.486662, -93.488651, -93.488781, -93.486949, -93.484106, -93.48038, -93.478197, 
-93.477162, -93.477132, -93.476253, -93.473783, -93.470711, -93.467106, -93.46386, -93.459413, -93.459233, -93.460449, -93.460015, -93.455452, -93.452002, -93.447126, -93.445405, -93.445345, -93.444483, -93.443097, -93.441676, -93.436385, -93.43406, -93.430945, -93.430945, -93.432676, -93.441286, -93.442911, -93.462187, -93.472087, -93.481456, -93.489843, -93.493147, -93.510342, -93.519171, -93.519988, -93.534805, -93.544134, -93.548242, -93.548909, -93.558207, -93.577338, -93.596699, -93.596752, 
-93.595741, -93.59685, -93.596865, 41.526314, 41.54064, 41.540667, 41.548091, 41.547867, 41.548155, 41.547974, 41.547891, 41.547889, 41.547535, 41.547184, 41.547185, 41.546889, 41.546889, 41.553589, 41.553889, 41.551985, 41.551967, 41.553212, 41.554457, 41.558323, 41.563037, 41.563822, 41.564081, 41.563584, 41.562325, 41.559989, 41.556501, 41.55354, 41.552644, 41.552295, 41.552426, 41.553211, 41.553889, 41.552863, 41.54827, 41.544608, 41.541916, 41.539527, 41.538521, 41.53893, 41.539776, 41.541482, 
41.543158, 41.544291, 41.54448, 41.543341, 41.539092, 41.537431, 41.532485, 41.529749, 41.527581, 41.526137, 41.522023, 41.520326, 41.518881, 41.516949, 41.513889, 41.512459, 41.511843, 41.51138, 41.512599, 41.512488, 41.510382, 41.508904, 41.507685, 41.507589, 41.507631, 41.508075, 41.508587, 41.508859, 41.509095, 41.509193, 41.509821, 41.510143, 41.510173, 41.51081, 41.511161, 41.511309, 41.511315, 41.511481, 41.511646, 41.511838, 41.517345, 41.518955, 41.522241, 41.526314))"
19153011028,"Census Tract 110.28, Polk County, Iowa",medincome,73708,10795,"list(c(-93.790523, -93.790523, -93.790523, -93.789666, -93.787002, -93.78588, -93.785424, -93.786669, -93.786704, -93.784741, -93.783075, -93.782059, -93.781883, -93.779078, -93.775171, -93.774158, -93.775462, -93.766434, -93.766128, -93.75277, -93.751199, -93.751087, -93.751649, -93.751951, -93.756521, -93.756626, -93.752863, -93.751928, -93.740629, -93.739616, -93.737945, -93.734992, -93.733045, -93.731769, -93.729657, -93.714687, -93.70327, -93.703366, -93.703367, -93.703369, -93.703191, -93.703164, 
-93.703316, -93.701399, -93.700811, -93.677089, -93.674287, -93.674124, -93.674217, -93.674276, -93.698102, -93.707322, -93.731959, -93.741585, -93.765887, -93.770497, -93.780358, -93.782485, -93.790612, -93.790523, 41.533385, 41.533758, 41.535389, 41.535984, 41.535861, 41.535142, 41.533126, 41.530742, 41.528481, 41.527394, 41.527972, 41.529392, 41.531496, 41.533231, 41.532299, 41.532335, 41.541078, 41.541214, 41.540966, 41.542573, 41.542976, 41.549701, 41.552447, 41.561706, 41.565262, 41.567851, 
41.56839, 41.570147, 41.570157, 41.570482, 41.572153, 41.572223, 41.571422, 41.570876, 41.57016, 41.569497, 41.56917, 41.566393, 41.562687, 41.555648, 41.548334, 41.545049, 41.541002, 41.541251, 41.541043, 41.541023, 41.541031, 41.521734, 41.514023, 41.512065, 41.511979, 41.512073, 41.512087, 41.512004, 41.511995, 41.511989, 41.511955, 41.511946, 41.511916, 41.533385))"
19153005200,"Census Tract 52, Polk County, Iowa",medincome,31500,8794,"list(c(-93.61648, -93.60729, -93.60547, -93.596899, -93.596948, -93.597968, -93.59894, -93.59349, -93.586097, -93.585611, -93.582533, -93.582527, -93.582526, -93.582524, -93.581994, -93.581216, -93.577868, -93.577756, -93.577242, -93.589065, -93.590359, -93.593384, -93.596896, -93.607017, -93.611414, -93.612017, -93.615033, -93.61648, 41.585236, 41.587112, 41.587308, 41.586917, 41.590578, 41.593391, 41.596127, 41.597291, 41.600414, 41.600426, 41.600444, 41.596409, 41.595433, 41.594386, 41.592331, 
41.589933, 41.580479, 41.573336, 41.570272, 41.574804, 41.575069, 41.574984, 41.575385, 41.578089, 41.579689, 41.580089, 41.581809, 41.585236))"
19153010207,"Census Tract 102.07, Polk County, Iowa",medincome,67270,11308,"list(c(-93.65363, -93.653609, -93.65357, -93.64109, -93.639074, -93.639075, -93.634781, -93.629964, -93.628836, -93.62157, -93.621514, -93.622018, -93.623435, -93.629434, -93.634916, -93.638913, -93.638882, -93.639295, -93.639782, -93.643423, -93.650401, -93.652624, -93.653603, -93.653628, -93.65363, 41.725658, 41.72825, 41.735344, 41.735466, 41.735362, 41.737473, 41.739453, 41.739493, 41.739497, 41.739538, 41.731856, 41.729574, 41.729744, 41.729761, 41.729453, 41.727255, 41.717078, 41.717132, 41.71721, 
41.71736, 41.720213, 41.720543, 41.724105, 41.724489, 41.725658))"
19153004001,"Census Tract 40.01, Polk County, Iowa",medincome,50964,5995,"list(c(-93.703499, -93.703345, -93.701579, -93.694831, -93.69213, -93.682792, -93.680378, -93.67918, -93.677423, -93.674337, -93.669442, -93.661746, -93.657343, -93.645112, -93.641054, -93.641901, -93.643048, -93.644747, -93.644886, -93.64492, -93.657795, -93.659433, -93.703369, -93.703367, -93.703366, -93.70327, -93.703381, -93.703401, -93.703499, 41.582695, 41.582695, 41.582696, 41.577313, 41.575813, 41.572122, 41.569622, 41.569029, 41.568991, 41.569682, 41.570892, 41.57511, 41.577876, 41.582851, 
41.583138, 41.582324, 41.58122, 41.580009, 41.568561, 41.555438, 41.555493, 41.555523, 41.555648, 41.562687, 41.566393, 41.56917, 41.577267, 41.580854, 41.582695))"
19153003902,"Census Tract 39.02, Polk County, Iowa",medincome,70495,14829,"list(c(-93.596742, -93.596718, -93.590647, -93.579031, -93.577479, -93.577438, -93.574869, -93.574041, -93.577376, -93.577242, -93.574593, -93.57277, -93.570005, -93.565215, -93.562504, -93.558563, -93.555268, -93.552974, -93.546944, -93.546885, -93.546002, -93.54415, -93.541615, -93.537958, -93.536634, -93.532943, -93.531607, -93.529614, -93.529614, -93.529714, -93.530014, -93.536922, -93.541758, -93.548795, -93.553415, -93.558241, -93.571959, -93.572529, -93.589356, -93.596728, -93.596742, 41.553243, 
41.555322, 41.555306, 41.555275, 41.555154, 41.56227, 41.564513, 41.566475, 41.568419, 41.570272, 41.569569, 41.569363, 41.570128, 41.572889, 41.572804, 41.571304, 41.568127, 41.564127, 41.561539, 41.557744, 41.554101, 41.551744, 41.550389, 41.550486, 41.550986, 41.554222, 41.554616, 41.553889, 41.553589, 41.546889, 41.546889, 41.547185, 41.547184, 41.547535, 41.547889, 41.547891, 41.547974, 41.548155, 41.547867, 41.548091, 41.553243))"
19153000802,"Census Tract 8.02, Polk County, Iowa",medincome,79018,6117,"list(c(-93.687753, -93.683341, -93.678038, -93.6739, -93.673233, -93.673129, -93.673053, -93.68152, -93.687539, -93.687653, -93.687753, 41.629453, 41.629473, 41.629496, 41.622096, 41.620232, 41.619878, 41.614915, 41.614881, 41.614875, 41.622233, 41.629453))"
19153010405,"Census Tract 104.05, Polk County, Iowa",medincome,60391,7894,"list(c(-93.736538, -93.736493, -93.731088, -93.72248, -93.721327, -93.717062, -93.716946, -93.717031, -93.717054, -93.717066, -93.716837, -93.716324, -93.726779, -93.727427, -93.731631, -93.736421, -93.736518, -93.736515, -93.736538, 41.629322, 41.636598, 41.636597, 41.636581, 41.636583, 41.636592, 41.629367, 41.629367, 41.625733, 41.622086, 41.61498, 41.614778, 41.614858, 41.614865, 41.614915, 41.614977, 41.622152, 41.622166, 41.629322))"
19153010803,"Census Tract 108.03, Polk County, Iowa",medincome,71523,6414,"list(c(-93.529854, -93.526307, -93.524285, -93.519902, -93.519179, -93.517645, -93.510698, -93.503243, -93.497063, -93.49872, -93.499516, -93.500769, -93.502634, -93.507743, -93.510044, -93.510623, -93.511885, -93.512565, -93.516825, -93.529809, -93.529842, -93.529854, 41.600633, 41.600613, 41.600378, 41.599759, 41.60022, 41.600605, 41.600614, 41.600617, 41.600612, 41.593027, 41.590158, 41.58798, 41.586064, 41.58228, 41.582045, 41.581735, 41.580945, 41.580803, 41.581025, 41.582933, 41.589913, 41.600633
))"
19153000300,"Census Tract 3, Polk County, Iowa",medincome,47716,6799,"list(c(-93.600548, -93.600535, -93.600531, -93.600537, -93.600491, -93.594492, -93.586976, -93.585671, -93.58133, -93.575846, -93.575154, -93.57531, -93.576164, -93.577131, -93.577639, -93.578639, -93.579005, -93.579568, -93.580962, -93.582779, -93.582939, -93.583805, -93.593944, -93.598055, -93.600537, -93.600558, -93.600548, 41.618643, 41.622262, 41.62772, 41.633156, 41.636794, 41.636821, 41.636857, 41.63689, 41.63689, 41.636847, 41.62965, 41.627767, 41.622284, 41.616296, 41.614946, 41.612233, 
41.605389, 41.604292, 41.603015, 41.60183, 41.602538, 41.607739, 41.607773, 41.607744, 41.607722, 41.614985, 41.618643))"
19153001100,"Census Tract 11, Polk County, Iowa",medincome,24569,11003,"list(c(-93.658525, -93.651742, -93.648175, -93.646447, -93.643675, -93.643858, -93.643859, -93.643831, -93.650945, -93.654486, -93.658412, -93.65843, -93.658525, 41.614964, 41.614982, 41.615027, 41.615055, 41.608641, 41.607719, 41.60407, 41.600413, 41.600394, 41.600377, 41.60036, 41.604005, 41.614964))"
19153011702,"Census Tract 117.02, Polk County, Iowa",medincome,58750,20331,"list(c(-93.727422, -93.726221, -93.726621, -93.725746, -93.724286, -93.712022, -93.708684, -93.705748, -93.697674, -93.680054, -93.680146, -93.67972, -93.677496, -93.675943, -93.668788, -93.667171, -93.669199, -93.667396, -93.666872, -93.670227, -93.670625, -93.669909, -93.666125, -93.664555, -93.66715, -93.667407, -93.666634, -93.670225, -93.670541, -93.680871, -93.697614, -93.706568, -93.702795, -93.702057, -93.702525, -93.715751, -93.717121, -93.715821, -93.716721, -93.720121, -93.719121, -93.722421, 
-93.723221, -93.724921, -93.727722, -93.727422, 41.670988, 41.670488, 41.672188, 41.672744, 41.672656, 41.672867, 41.672881, 41.673001, 41.67296, 41.673247, 41.680045, 41.680467, 41.68053, 41.680518, 41.680464, 41.676838, 41.671893, 41.669598, 41.665687, 41.664073, 41.662851, 41.661706, 41.659804, 41.657357, 41.652685, 41.65209, 41.650839, 41.650999, 41.651013, 41.651473, 41.65222, 41.652614, 41.652758, 41.653023, 41.658399, 41.658291, 41.659588, 41.660488, 41.661588, 41.662988, 41.665488, 41.666388, 
41.667488, 41.667488, 41.669788, 41.670988))"
